{
  "0.8861111111111111_1": {
    "day 1": {
      "duplicate_day_score": 0.7083333333333334,
      "duplicate_meal_scores": [
        1.0,
        0.6666666666666667,
        0.5
      ],
      "meal_coverages": [
        1.0,
        1.0,
        1.0
      ],
      "user_constraint_coverages": [
        1.0,
        1.0,
        1.0
      ]
    }
  },
  "0.9_2": {
    "day 1": {
      "duplicate_day_score": 0.8333333333333334,
      "duplicate_meal_scores": [
        1.0,
        1.0,
        1.0
      ],
      "meal_coverages": [
        1.0,
        1.0,
        1.0
      ],
      "user_constraint_coverages": [
        0.6666666666666667,
        0.6666666666666667,
        0.6666666666666667
      ]
    }
  },
  "0.9388888888888889_3": {
    "day 1": {
      "duplicate_day_score": 1.0,
      "duplicate_meal_scores": [
        1.0,
        1.0,
        0.75
      ],
      "meal_coverages": [
        1.0,
        1.0,
        1.0
      ],
      "user_constraint_coverages": [
        1.0,
        0.6666666666666667,
        0.6666666666666667
      ]
    }
  },
  "0.9222222222222222_4": {
    "day 1": {
      "duplicate_day_score": 0.9166666666666667,
      "duplicate_meal_scores": [
        1.0,
        1.0,
        0.75
      ],
      "meal_coverages": [
        1.0,
        1.0,
        1.0
      ],
      "user_constraint_coverages": [
        0.6666666666666667,
        0.6666666666666667,
        1.0
      ]
    }
  },
  "0.95_5": {
    "day 1": {
      "duplicate_day_score": 0.8333333333333334,
      "duplicate_meal_scores": [
        1.0,
        1.0,
        0.75
      ],
      "meal_coverages": [
        1.0,
        1.0,
        1.0
      ],
      "user_constraint_coverages": [
        1.0,
        1.0,
        1.0
      ]
    }
  },
  "0.9666666666666668_6": {
    "day 1": {
      "duplicate_day_score": 0.8333333333333334,
      "duplicate_meal_scores": [
        1.0,
        1.0,
        1.0
      ],
      "meal_coverages": [
        1.0,
        1.0,
        1.0
      ],
      "user_constraint_coverages": [
        1.0,
        1.0,
        1.0
      ]
    }
  },
  "0.9111111111111111_7": {
    "day 1": {
      "duplicate_day_score": 0.75,
      "duplicate_meal_scores": [
        1.0,
        0.6666666666666667,
        0.75
      ],
      "meal_coverages": [
        1.0,
        1.0,
        1.0
      ],
      "user_constraint_coverages": [
        1.0,
        1.0,
        1.0
      ]
    }
  },
  "0.9388888888888889_8": {
    "day 1": {
      "duplicate_day_score": 1.0,
      "duplicate_meal_scores": [
        1.0,
        1.0,
        0.75
      ],
      "meal_coverages": [
        1.0,
        1.0,
        1.0
      ],
      "user_constraint_coverages": [
        1.0,
        0.6666666666666667,
        0.6666666666666667
      ]
    }
  },
  "0.9777777777777779_9": {
    "day 1": {
      "duplicate_day_score": 1.0,
      "duplicate_meal_scores": [
        1.0,
        0.6666666666666667,
        1.0
      ],
      "meal_coverages": [
        1.0,
        1.0,
        1.0
      ],
      "user_constraint_coverages": [
        1.0,
        1.0,
        1.0
      ]
    }
  },
  "1.0_10": {
    "day 1": {
      "duplicate_day_score": 1.0,
      "duplicate_meal_scores": [
        1.0,
        1.0,
        1.0
      ],
      "meal_coverages": [
        1.0,
        1.0,
        1.0
      ],
      "user_constraint_coverages": [
        1.0,
        1.0,
        1.0
      ]
    }
  },
  "0.95_11": {
    "day 1": {
      "duplicate_day_score": 0.8333333333333334,
      "duplicate_meal_scores": [
        1.0,
        1.0,
        0.75
      ],
      "meal_coverages": [
        1.0,
        1.0,
        1.0
      ],
      "user_constraint_coverages": [
        1.0,
        1.0,
        1.0
      ]
    }
  },
  "0.9555555555555555_12": {
    "day 1": {
      "duplicate_day_score": 1.0,
      "duplicate_meal_scores": [
        1.0,
        0.6666666666666667,
        1.0
      ],
      "meal_coverages": [
        1.0,
        1.0,
        1.0
      ],
      "user_constraint_coverages": [
        1.0,
        1.0,
        0.6666666666666667
      ]
    }
  },
  "0.9333333333333333_13": {
    "day 1": {
      "duplicate_day_score": 0.8333333333333334,
      "duplicate_meal_scores": [
        1.0,
        1.0,
        0.5
      ],
      "meal_coverages": [
        1.0,
        1.0,
        1.0
      ],
      "user_constraint_coverages": [
        1.0,
        1.0,
        1.0
      ]
    }
  },
  "0.9194444444444445_14": {
    "day 1": {
      "duplicate_day_score": 0.7916666666666667,
      "duplicate_meal_scores": [
        1.0,
        0.6666666666666667,
        0.75
      ],
      "meal_coverages": [
        1.0,
        1.0,
        1.0
      ],
      "user_constraint_coverages": [
        1.0,
        1.0,
        1.0
      ]
    }
  },
  "0.7861111111111112_15": {
    "day 1": {
      "duplicate_day_score": 0.5416666666666667,
      "duplicate_meal_scores": [
        1.0,
        0.6666666666666667,
        0.5
      ],
      "meal_coverages": [
        1.0,
        1.0,
        1.0
      ],
      "user_constraint_coverages": [
        0.6666666666666667,
        0.6666666666666667,
        0.6666666666666667
      ]
    }
  },
  "0.9666666666666666_16": {
    "day 1": {
      "duplicate_day_score": 0.9166666666666667,
      "duplicate_meal_scores": [
        1.0,
        1.0,
        0.75
      ],
      "meal_coverages": [
        1.0,
        1.0,
        1.0
      ],
      "user_constraint_coverages": [
        1.0,
        1.0,
        1.0
      ]
    }
  },
  "0.9166666666666667_17": {
    "day 1": {
      "duplicate_day_score": 0.9166666666666667,
      "duplicate_meal_scores": [
        1.0,
        1.0,
        1.0
      ],
      "meal_coverages": [
        1.0,
        1.0,
        1.0
      ],
      "user_constraint_coverages": [
        0.6666666666666667,
        0.6666666666666667,
        0.6666666666666667
      ]
    }
  },
  "1.0_18": {
    "day 1": {
      "duplicate_day_score": 1.0,
      "duplicate_meal_scores": [
        1.0,
        1.0,
        1.0
      ],
      "meal_coverages": [
        1.0,
        1.0,
        1.0
      ],
      "user_constraint_coverages": [
        1.0,
        1.0,
        1.0
      ]
    }
  },
  "0.95_19": {
    "day 1": {
      "duplicate_day_score": 0.8333333333333334,
      "duplicate_meal_scores": [
        1.0,
        1.0,
        0.75
      ],
      "meal_coverages": [
        1.0,
        1.0,
        1.0
      ],
      "user_constraint_coverages": [
        1.0,
        1.0,
        1.0
      ]
    }
  },
  "0.95_20": {
    "day 1": {
      "duplicate_day_score": 0.8333333333333334,
      "duplicate_meal_scores": [
        1.0,
        1.0,
        0.75
      ],
      "meal_coverages": [
        1.0,
        1.0,
        1.0
      ],
      "user_constraint_coverages": [
        1.0,
        1.0,
        1.0
      ]
    }
  },
  "0.8805555555555558_21": {
    "day 1": {
      "duplicate_day_score": 0.7916666666666667,
      "duplicate_meal_scores": [
        1.0,
        0.6666666666666667,
        0.5
      ],
      "meal_coverages": [
        1.0,
        1.0,
        1.0
      ],
      "user_constraint_coverages": [
        0.6666666666666667,
        1.0,
        1.0
      ]
    }
  },
  "1.0_22": {
    "day 1": {
      "duplicate_day_score": 1.0,
      "duplicate_meal_scores": [
        1.0,
        1.0,
        1.0
      ],
      "meal_coverages": [
        1.0,
        1.0,
        1.0
      ],
      "user_constraint_coverages": [
        1.0,
        1.0,
        1.0
      ]
    }
  },
  "0.9833333333333332_23": {
    "day 1": {
      "duplicate_day_score": 1.0,
      "duplicate_meal_scores": [
        1.0,
        1.0,
        0.75
      ],
      "meal_coverages": [
        1.0,
        1.0,
        1.0
      ],
      "user_constraint_coverages": [
        1.0,
        1.0,
        1.0
      ]
    }
  },