{
  "0.9555555555555555_1": {
    "day 1": {
      "duplicate_day_score": 1.0,
      "duplicate_meal_scores": [
        1.0,
        1.0,
        1.0
      ],
      "meal_coverages": [
        1.0,
        1.0,
        1.0
      ],
      "user_constraint_coverages": [
        1.0,
        0.6666666666666667,
        0.6666666666666667
      ]
    }
  },
  "0.9333333333333333_2": {
    "day 1": {
      "duplicate_day_score": 1.0,
      "duplicate_meal_scores": [
        1.0,
        1.0,
        1.0
      ],
      "meal_coverages": [
        1.0,
        1.0,
        1.0
      ],
      "user_constraint_coverages": [
        0.6666666666666667,
        0.6666666666666667,
        0.6666666666666667
      ]
    }
  },
  "0.9555555555555555_3": {
    "day 1": {
      "duplicate_day_score": 1.0,
      "duplicate_meal_scores": [
        1.0,
        1.0,
        1.0
      ],
      "meal_coverages": [
        1.0,
        1.0,
        1.0
      ],
      "user_constraint_coverages": [
        0.6666666666666667,
        1.0,
        0.6666666666666667
      ]
    }
  },
  "0.9083333333333334_4": {
    "day 1": {
      "duplicate_day_score": 0.875,
      "duplicate_meal_scores": [
        1.0,
        1.0,
        1.0
      ],
      "meal_coverages": [
        1.0,
        1.0,
        1.0
      ],
      "user_constraint_coverages": [
        0.6666666666666667,
        0.6666666666666667,
        0.6666666666666667
      ]
    }
  },
  "0.9333333333333333_5": {
    "day 1": {
      "duplicate_day_score": 1.0,
      "duplicate_meal_scores": [
        1.0,
        1.0,
        1.0
      ],
      "meal_coverages": [
        1.0,
        1.0,
        1.0
      ],
      "user_constraint_coverages": [
        0.6666666666666667,
        0.6666666666666667,
        0.6666666666666667
      ]
    }
  },
  "0.9388888888888889_6": {
    "day 1": {
      "duplicate_day_score": 0.9166666666666667,
      "duplicate_meal_scores": [
        1.0,
        1.0,
        1.0
      ],
      "meal_coverages": [
        1.0,
        1.0,
        1.0
      ],
      "user_constraint_coverages": [
        1.0,
        0.6666666666666667,
        0.6666666666666667
      ]
    }
  },
  "0.9555555555555555_7": {
    "day 1": {
      "duplicate_day_score": 1.0,
      "duplicate_meal_scores": [
        1.0,
        1.0,
        1.0
      ],
      "meal_coverages": [
        1.0,
        1.0,
        1.0
      ],
      "user_constraint_coverages": [
        1.0,
        0.6666666666666667,
        0.6666666666666667
      ]
    }
  },
  "0.9555555555555555_8": {
    "day 1": {
      "duplicate_day_score": 1.0,
      "duplicate_meal_scores": [
        1.0,
        1.0,
        1.0
      ],
      "meal_coverages": [
        1.0,
        1.0,
        1.0
      ],
      "user_constraint_coverages": [
        0.6666666666666667,
        1.0,
        0.6666666666666667
      ]
    }
  },
  "0.9333333333333333_9": {
    "day 1": {
      "duplicate_day_score": 1.0,
      "duplicate_meal_scores": [
        1.0,
        1.0,
        1.0
      ],
      "meal_coverages": [
        1.0,
        1.0,
        1.0
      ],
      "user_constraint_coverages": [
        0.6666666666666667,
        0.6666666666666667,
        0.6666666666666667
      ]
    }
  },
  "0.9333333333333333_10": {
    "day 1": {
      "duplicate_day_score": 1.0,
      "duplicate_meal_scores": [
        1.0,
        1.0,
        1.0
      ],
      "meal_coverages": [
        1.0,
        1.0,
        1.0
      ],
      "user_constraint_coverages": [
        0.6666666666666667,
        0.6666666666666667,
        0.6666666666666667
      ]
    }
  },
  "0.9166666666666667_11": {
    "day 1": {
      "duplicate_day_score": 0.9166666666666667,
      "duplicate_meal_scores": [
        1.0,
        1.0,
        1.0
      ],
      "meal_coverages": [
        1.0,
        1.0,
        1.0
      ],
      "user_constraint_coverages": [
        0.6666666666666667,
        0.6666666666666667,
        0.6666666666666667
      ]
    }
  },
  "0.9333333333333333_12": {
    "day 1": {
      "duplicate_day_score": 1.0,
      "duplicate_meal_scores": [
        1.0,
        1.0,
        1.0
      ],
      "meal_coverages": [
        1.0,
        1.0,
        1.0
      ],
      "user_constraint_coverages": [
        0.6666666666666667,
        0.6666666666666667,
        0.6666666666666667
      ]
    }
  },
  "0.9388888888888889_13": {
    "day 1": {
      "duplicate_day_score": 0.9166666666666667,
      "duplicate_meal_scores": [
        1.0,
        1.0,
        1.0
      ],
      "meal_coverages": [
        1.0,
        1.0,
        1.0
      ],
      "user_constraint_coverages": [
        0.6666666666666667,
        1.0,
        0.6666666666666667
      ]
    }
  },
  "0.9555555555555555_14": {
    "day 1": {
      "duplicate_day_score": 1.0,
      "duplicate_meal_scores": [
        1.0,
        1.0,
        1.0
      ],
      "meal_coverages": [
        1.0,
        1.0,
        1.0
      ],
      "user_constraint_coverages": [
        1.0,
        0.6666666666666667,
        0.6666666666666667
      ]
    }
  },
  "0.9777777777777779_15": {
    "day 1": {
      "duplicate_day_score": 1.0,
      "duplicate_meal_scores": [
        1.0,
        1.0,
        1.0
      ],
      "meal_coverages": [
        1.0,
        1.0,
        1.0
      ],
      "user_constraint_coverages": [
        1.0,
        1.0,
        0.6666666666666667
      ]
    }
  },
  "0.9333333333333333_16": {
    "day 1": {
      "duplicate_day_score": 1.0,
      "duplicate_meal_scores": [
        1.0,
        1.0,
        1.0
      ],
      "meal_coverages": [
        1.0,
        1.0,
        1.0
      ],
      "user_constraint_coverages": [
        0.6666666666666667,
        0.6666666666666667,
        0.6666666666666667
      ]
    }
  },
  "0.9333333333333333_17": {
    "day 1": {
      "duplicate_day_score": 1.0,
      "duplicate_meal_scores": [
        1.0,
        1.0,
        1.0
      ],
      "meal_coverages": [
        1.0,
        1.0,
        1.0
      ],
      "user_constraint_coverages": [
        0.6666666666666667,
        0.6666666666666667,
        0.6666666666666667
      ]
    }
  },
  "0.9555555555555555_18": {
    "day 1": {
      "duplicate_day_score": 1.0,
      "duplicate_meal_scores": [
        1.0,
        1.0,
        1.0
      ],
      "meal_coverages": [
        1.0,
        1.0,
        1.0
      ],
      "user_constraint_coverages": [
        1.0,
        0.6666666666666667,
        0.6666666666666667
      ]
    }
  },
  "0.9333333333333333_19": {
    "day 1": {
      "duplicate_day_score": 1.0,
      "duplicate_meal_scores": [
        1.0,
        1.0,
        1.0
      ],
      "meal_coverages": [
        1.0,
        1.0,
        1.0
      ],
      "user_constraint_coverages": [
        0.6666666666666667,
        0.6666666666666667,
        0.6666666666666667
      ]
    }
  },
  "0.9777777777777779_20": {
    "day 1": {
      "duplicate_day_score": 1.0,
      "duplicate_meal_scores": [
        1.0,
        1.0,
        1.0
      ],
      "meal_coverages": [
        1.0,
        1.0,
        1.0
      ],
      "user_constraint_coverages": [
        1.0,
        0.6666666666666667,
        1.0
      ]
    }
  },
  "0.9333333333333333_21": {
    "day 1": {
      "duplicate_day_score": 1.0,
      "duplicate_meal_scores": [
        1.0,
        1.0,
        1.0
      ],
      "meal_coverages": [
        1.0,
        1.0,
        1.0
      ],
      "user_constraint_coverages": [
        0.6666666666666667,
        0.6666666666666667,
        0.6666666666666667
      ]
    }
  },
  "0.9333333333333333_22": {
    "day 1": {
      "duplicate_day_score": 1.0,
      "duplicate_meal_scores": [
        1.0,
        1.0,
        1.0
      ],
      "meal_coverages": [
        1.0,
        1.0,
        1.0
      ],
      "user_constraint_coverages": [
        0.6666666666666667,
        0.6666666666666667,
        0.6666666666666667
      ]
    }
  },