{
  "0.8583333333333334_1": {
    "day 1": {
      "duplicate_day_score": 0.7083333333333334,
      "duplicate_meal_scores": [
        1.0,
        0.6666666666666667,
        0.75
      ],
      "meal_coverages": [
        1.0,
        1.0,
        1.0
      ],
      "user_constraint_coverages": [
        1.0,
        1.0,
        0.33333333333333337
      ]
    }
  },
  "0.9333333333333333_2": {
    "day 1": {
      "duplicate_day_score": 1.0,
      "duplicate_meal_scores": [
        1.0,
        1.0,
        1.0
      ],
      "meal_coverages": [
        1.0,
        1.0,
        1.0
      ],
      "user_constraint_coverages": [
        0.6666666666666667,
        0.6666666666666667,
        0.6666666666666667
      ]
    }
  },
  "0.8388888888888889_3": {
    "day 1": {
      "duplicate_day_score": 0.8333333333333334,
      "duplicate_meal_scores": [
        1.0,
        1.0,
        0.75
      ],
      "meal_coverages": [
        1.0,
        1.0,
        1.0
      ],
      "user_constraint_coverages": [
        0.6666666666666667,
        0.33333333333333337,
        0.33333333333333337
      ]
    }
  },
  "0.8111111111111111_4": {
    "day 1": {
      "duplicate_day_score": 0.8333333333333334,
      "duplicate_meal_scores": [
        1.0,
        0.6666666666666667,
        1.0
      ],
      "meal_coverages": [
        1.0,
        1.0,
        1.0
      ],
      "user_constraint_coverages": [
        0.33333333333333337,
        0.33333333333333337,
        0.33333333333333337
      ]
    }
  },
  "0.775_5": {
    "day 1": {
      "duplicate_day_score": 0.625,
      "duplicate_meal_scores": [
        1.0,
        1.0,
        0.75
      ],
      "meal_coverages": [
        1.0,
        1.0,
        1.0
      ],
      "user_constraint_coverages": [
        0.33333333333333337,
        0.33333333333333337,
        0.33333333333333337
      ]
    }
  },
  "0.8527777777777776_6": {
    "day 1": {
      "duplicate_day_score": 0.7916666666666667,
      "duplicate_meal_scores": [
        1.0,
        1.0,
        0.75
      ],
      "meal_coverages": [
        1.0,
        1.0,
        1.0
      ],
      "user_constraint_coverages": [
        1.0,
        0.33333333333333337,
        0.33333333333333337
      ]
    }
  },
  "0.888888888888889_7": {
    "day 1": {
      "duplicate_day_score": 1.0,
      "duplicate_meal_scores": [
        1.0,
        1.0,
        1.0
      ],
      "meal_coverages": [
        1.0,
        1.0,
        1.0
      ],
      "user_constraint_coverages": [
        0.6666666666666667,
        0.33333333333333337,
        0.33333333333333337
      ]
    }
  },
  "0.9777777777777779_8": {
    "day 1": {
      "duplicate_day_score": 1.0,
      "duplicate_meal_scores": [
        1.0,
        1.0,
        1.0
      ],
      "meal_coverages": [
        1.0,
        1.0,
        1.0
      ],
      "user_constraint_coverages": [
        1.0,
        1.0,
        0.6666666666666667
      ]
    }
  },
  "0.8166666666666667_9": {
    "day 1": {
      "duplicate_day_score": 0.8333333333333334,
      "duplicate_meal_scores": [
        1.0,
        1.0,
        0.75
      ],
      "meal_coverages": [
        1.0,
        1.0,
        1.0
      ],
      "user_constraint_coverages": [
        0.33333333333333337,
        0.33333333333333337,
        0.33333333333333337
      ]
    }
  },
  "0.8944444444444445_10": {
    "day 1": {
      "duplicate_day_score": 0.9166666666666667,
      "duplicate_meal_scores": [
        1.0,
        1.0,
        1.0
      ],
      "meal_coverages": [
        1.0,
        1.0,
        1.0
      ],
      "user_constraint_coverages": [
        0.6666666666666667,
        0.6666666666666667,
        0.33333333333333337
      ]
    }
  },
  "0.9222222222222223_11": {
    "day 1": {
      "duplicate_day_score": 1.0,
      "duplicate_meal_scores": [
        1.0,
        1.0,
        0.5
      ],
      "meal_coverages": [
        1.0,
        1.0,
        1.0
      ],
      "user_constraint_coverages": [
        0.6666666666666667,
        0.6666666666666667,
        1.0
      ]
    }
  },
  "0.9444444444444444_12": {
    "day 1": {
      "duplicate_day_score": 0.8333333333333334,
      "duplicate_meal_scores": [
        1.0,
        1.0,
        1.0
      ],
      "meal_coverages": [
        1.0,
        1.0,
        1.0
      ],
      "user_constraint_coverages": [
        1.0,
        1.0,
        0.6666666666666667
      ]
    }
  },
  "0.9222222222222222_13": {
    "day 1": {
      "duplicate_day_score": 0.9166666666666667,
      "duplicate_meal_scores": [
        1.0,
        1.0,
        0.75
      ],
      "meal_coverages": [
        1.0,
        1.0,
        1.0
      ],
      "user_constraint_coverages": [
        0.6666666666666667,
        1.0,
        0.6666666666666667
      ]
    }
  },
  "0.8527777777777776_14": {
    "day 1": {
      "duplicate_day_score": 0.7916666666666667,
      "duplicate_meal_scores": [
        1.0,
        1.0,
        0.75
      ],
      "meal_coverages": [
        1.0,
        1.0,
        1.0
      ],
      "user_constraint_coverages": [
        1.0,
        0.33333333333333337,
        0.33333333333333337
      ]
    }
  },
  "0.8833333333333334_15": {
    "day 1": {
      "duplicate_day_score": 0.75,
      "duplicate_meal_scores": [
        1.0,
        1.0,
        1.0
      ],
      "meal_coverages": [
        1.0,
        1.0,
        1.0
      ],
      "user_constraint_coverages": [
        1.0,
        0.6666666666666667,
        0.33333333333333337
      ]
    }
  },
  "0.8722222222222221_16": {
    "day 1": {
      "duplicate_day_score": 0.9166666666666667,
      "duplicate_meal_scores": [
        1.0,
        0.6666666666666667,
        1.0
      ],
      "meal_coverages": [
        1.0,
        1.0,
        1.0
      ],
      "user_constraint_coverages": [
        0.33333333333333337,
        1.0,
        0.33333333333333337
      ]
    }
  },
  "0.8722222222222223_17": {
    "day 1": {
      "duplicate_day_score": 0.9166666666666667,
      "duplicate_meal_scores": [
        1.0,
        1.0,
        1.0
      ],
      "meal_coverages": [
        1.0,
        1.0,
        1.0
      ],
      "user_constraint_coverages": [
        0.6666666666666667,
        0.33333333333333337,
        0.33333333333333337
      ]
    }
  },
  "0.8555555555555555_18": {
    "day 1": {
      "duplicate_day_score": 0.9166666666666667,
      "duplicate_meal_scores": [
        1.0,
        1.0,
        0.75
      ],
      "meal_coverages": [
        1.0,
        1.0,
        1.0
      ],
      "user_constraint_coverages": [
        0.6666666666666667,
        0.33333333333333337,
        0.33333333333333337
      ]
    }
  },
  "0.9388888888888889_19": {
    "day 1": {
      "duplicate_day_score": 0.9166666666666667,
      "duplicate_meal_scores": [
        1.0,
        1.0,
        1.0
      ],
      "meal_coverages": [
        1.0,
        1.0,
        1.0
      ],
      "user_constraint_coverages": [
        0.6666666666666667,
        1.0,
        0.6666666666666667
      ]
    }
  },
  "0.9444444444444444_20": {
    "day 1": {
      "duplicate_day_score": 0.8333333333333334,
      "duplicate_meal_scores": [
        1.0,
        0.6666666666666667,
        1.0
      ],
      "meal_coverages": [
        1.0,
        1.0,
        1.0
      ],
      "user_constraint_coverages": [
        1.0,
        1.0,
        1.0
      ]
    }
  },
  "0.9555555555555555_21": {
    "day 1": {
      "duplicate_day_score": 1.0,
      "duplicate_meal_scores": [
        1.0,
        0.6666666666666667,
        1.0
      ],
      "meal_coverages": [
        1.0,
        1.0,
        1.0
      ],
      "user_constraint_coverages": [
        1.0,
        1.0,
        0.6666666666666667
      ]
    }
  },
  "0.8944444444444445_22": {
    "day 1": {
      "duplicate_day_score": 1.0,
      "duplicate_meal_scores": [
        1.0,
        0.6666666666666667,
        0.75
      ],