{
  "0.85_1": {
    "day 1": {
      "duplicate_day_score": 0.9166666666666667,
      "duplicate_meal_scores": [
        1.0,
        1.0,
        1.0
      ],
      "meal_coverages": [
        1.0,
        1.0,
        1.0
      ],
      "user_constraint_coverages": [
        0.33333333333333337,
        0.33333333333333337,
        0.33333333333333337
      ]
    }
  },
  "0.8722222222222223_2": {
    "day 1": {
      "duplicate_day_score": 0.9166666666666667,
      "duplicate_meal_scores": [
        1.0,
        1.0,
        1.0
      ],
      "meal_coverages": [
        1.0,
        1.0,
        1.0
      ],
      "user_constraint_coverages": [
        0.33333333333333337,
        0.33333333333333337,
        0.6666666666666667
      ]
    }
  },
  "0.8666666666666666_3": {
    "day 1": {
      "duplicate_day_score": 1.0,
      "duplicate_meal_scores": [
        1.0,
        1.0,
        1.0
      ],
      "meal_coverages": [
        1.0,
        1.0,
        1.0
      ],
      "user_constraint_coverages": [
        0.33333333333333337,
        0.33333333333333337,
        0.33333333333333337
      ]
    }
  },
  "0.8666666666666666_4": {
    "day 1": {
      "duplicate_day_score": 1.0,
      "duplicate_meal_scores": [
        1.0,
        1.0,
        1.0
      ],
      "meal_coverages": [
        1.0,
        1.0,
        1.0
      ],
      "user_constraint_coverages": [
        0.33333333333333337,
        0.33333333333333337,
        0.33333333333333337
      ]
    }
  },
  "0.9111111111111111_5": {
    "day 1": {
      "duplicate_day_score": 1.0,
      "duplicate_meal_scores": [
        1.0,
        1.0,
        1.0
      ],
      "meal_coverages": [
        1.0,
        1.0,
        1.0
      ],
      "user_constraint_coverages": [
        0.6666666666666667,
        0.33333333333333337,
        0.6666666666666667
      ]
    }
  },
  "0.8722222222222223_6": {
    "day 1": {
      "duplicate_day_score": 0.9166666666666667,
      "duplicate_meal_scores": [
        1.0,
        1.0,
        1.0
      ],
      "meal_coverages": [
        1.0,
        1.0,
        1.0
      ],
      "user_constraint_coverages": [
        0.6666666666666667,
        0.33333333333333337,
        0.33333333333333337
      ]
    }
  },
  "0.8944444444444445_7": {
    "day 1": {
      "duplicate_day_score": 0.9166666666666667,
      "duplicate_meal_scores": [
        1.0,
        1.0,
        1.0
      ],
      "meal_coverages": [
        1.0,
        1.0,
        1.0
      ],
      "user_constraint_coverages": [
        1.0,
        0.33333333333333337,
        0.33333333333333337
      ]
    }
  },
  "0.85_8": {
    "day 1": {
      "duplicate_day_score": 0.9166666666666667,
      "duplicate_meal_scores": [
        1.0,
        1.0,
        1.0
      ],
      "meal_coverages": [
        1.0,
        1.0,
        1.0
      ],
      "user_constraint_coverages": [
        0.33333333333333337,
        0.33333333333333337,
        0.33333333333333337
      ]
    }
  },
  "0.9555555555555555_9": {
    "day 1": {
      "duplicate_day_score": 1.0,
      "duplicate_meal_scores": [
        1.0,
        1.0,
        1.0
      ],
      "meal_coverages": [
        1.0,
        1.0,
        1.0
      ],
      "user_constraint_coverages": [
        1.0,
        1.0,
        0.33333333333333337
      ]
    }
  },
  "0.9333333333333333_10": {
    "day 1": {
      "duplicate_day_score": 1.0,
      "duplicate_meal_scores": [
        1.0,
        1.0,
        1.0
      ],
      "meal_coverages": [
        1.0,
        1.0,
        1.0
      ],
      "user_constraint_coverages": [
        1.0,
        0.33333333333333337,
        0.6666666666666667
      ]
    }
  },
  "0.8861111111111111_11": {
    "day 1": {
      "duplicate_day_score": 0.875,
      "duplicate_meal_scores": [
        1.0,
        1.0,
        1.0
      ],
      "meal_coverages": [
        1.0,
        1.0,
        1.0
      ],
      "user_constraint_coverages": [
        1.0,
        0.33333333333333337,
        0.33333333333333337
      ]
    }
  },
  "0.8722222222222223_12": {
    "day 1": {
      "duplicate_day_score": 0.9166666666666667,
      "duplicate_meal_scores": [
        1.0,
        1.0,
        1.0
      ],
      "meal_coverages": [
        1.0,
        1.0,
        1.0
      ],
      "user_constraint_coverages": [
        0.33333333333333337,
        0.6666666666666667,
        0.33333333333333337
      ]
    }
  },
  "0.9333333333333333_13": {
    "day 1": {
      "duplicate_day_score": 1.0,
      "duplicate_meal_scores": [
        1.0,
        1.0,
        1.0
      ],
      "meal_coverages": [
        1.0,
        1.0,
        1.0
      ],
      "user_constraint_coverages": [
        0.6666666666666667,
        0.33333333333333337,
        1.0
      ]
    }
  },
  "0.9111111111111111_14": {
    "day 1": {
      "duplicate_day_score": 1.0,
      "duplicate_meal_scores": [
        1.0,
        1.0,
        1.0
      ],
      "meal_coverages": [
        1.0,
        1.0,
        1.0
      ],
      "user_constraint_coverages": [
        1.0,
        0.33333333333333337,
        0.33333333333333337
      ]
    }
  },
  "0.9333333333333333_15": {
    "day 1": {
      "duplicate_day_score": 1.0,
      "duplicate_meal_scores": [
        1.0,
        1.0,
        1.0
      ],
      "meal_coverages": [
        1.0,
        1.0,
        1.0
      ],
      "user_constraint_coverages": [
        0.6666666666666667,
        0.6666666666666667,
        0.6666666666666667
      ]
    }
  },
  "0.8944444444444445_16": {
    "day 1": {
      "duplicate_day_score": 0.9166666666666667,
      "duplicate_meal_scores": [
        1.0,
        1.0,
        1.0
      ],
      "meal_coverages": [
        1.0,
        1.0,
        1.0
      ],
      "user_constraint_coverages": [
        1.0,
        0.33333333333333337,
        0.33333333333333337
      ]
    }
  },
  "0.888888888888889_17": {
    "day 1": {
      "duplicate_day_score": 1.0,
      "duplicate_meal_scores": [
        1.0,
        1.0,
        1.0
      ],
      "meal_coverages": [
        1.0,
        1.0,
        1.0
      ],
      "user_constraint_coverages": [
        0.33333333333333337,
        0.6666666666666667,
        0.33333333333333337
      ]
    }
  },
  "0.9777777777777779_18": {
    "day 1": {
      "duplicate_day_score": 1.0,
      "duplicate_meal_scores": [
        1.0,
        1.0,
        1.0
      ],
      "meal_coverages": [
        1.0,
        1.0,
        1.0
      ],
      "user_constraint_coverages": [
        1.0,
        1.0,
        0.6666666666666667
      ]
    }
  },
  "0.8944444444444445_19": {
    "day 1": {
      "duplicate_day_score": 0.9166666666666667,
      "duplicate_meal_scores": [
        1.0,
        1.0,
        1.0
      ],
      "meal_coverages": [
        1.0,
        1.0,
        1.0
      ],
      "user_constraint_coverages": [
        1.0,
        0.33333333333333337,
        0.33333333333333337
      ]
    }
  },
  "0.9555555555555555_20": {
    "day 1": {
      "duplicate_day_score": 1.0,
      "duplicate_meal_scores": [
        1.0,
        1.0,
        1.0
      ],
      "meal_coverages": [
        1.0,
        1.0,
        1.0
      ],
      "user_constraint_coverages": [
        1.0,
        0.33333333333333337,
        1.0
      ]
    }
  },
  "0.9111111111111111_21": {
    "day 1": {
      "duplicate_day_score": 1.0,
      "duplicate_meal_scores": [
        1.0,
        1.0,
        1.0
      ],
      "meal_coverages": [
        1.0,
        1.0,
        1.0
      ],
      "user_constraint_coverages": [
        0.6666666666666667,
        0.6666666666666667,
        0.33333333333333337
      ]
    }
  },
  "0.9555555555555555_22": {
    "day 1": {
      "duplicate_day_score": 1.0,
      "duplicate_meal_scores": [
        1.0,
        1.0,
        1.0
      ],
      "meal_coverages": [
        1.0,
        1.0,
        1.0
      ],